,,,,
,,,,
,,,,
,,,,
,,,,
,,,,
,,,,
,,,,
,,,,
,,,,
area ,employee id,in time(days),out time,total income
60,14,32,13,4565
32,14,33,7,1709
60,14,37,55,4618
90,14,22,41,2255
86,14,12,89,2296
36,14,2,45,2372
7,14,2,45,2712
30,14,20,78,2425
51,14,37,11,2400
24,14,45,26,2832
70,14,48,1,1756
17,14,21,42,3776
12,14,44,11,2795
73,14,35,30,4826
93,14,32,16,1772
8,14,12,32,4878
83,14,40,16,1558
76,14,29,81,2001
11,14,26,59,2709
51,14,48,90,4481
92,14,38,21,4449
27,14,14,12,3429
25,14,14,79,2696
46,14,28,45,3295
40,14,11,80,4396
2,14,31,80,3941
19,14,17,37,3800
41,14,21,66,4003
53,14,9,91,3136
25,14,30,71,1987
52,14,18,43,2513
95,14,33,92,3982
69,14,21,82,4613
96,14,6,43,3192
72,14,30,39,4681
79,14,44,79,3904
87,14,30,16,4598
12,14,23,26,4069
54,14,10,14,1746
86,14,13,17,3687
22,14,25,7,2405
7,14,1,4,1504
76,14,13,19,4128
22,14,27,79,3677
55,14,27,93,3403
17,14,40,83,4181
24,14,42,77,4219
38,14,18,80,1934
46,14,3,85,1858
32,14,37,74,3464
51,14,3,75,3844
42,14,48,93,4156
64,14,17,47,4502
12,14,46,66,2018
56,14,44,84,2198
58,14,21,60,4477
23,14,8,74,2980
15,14,19,56,1533
50,14,47,8,3117
77,14,20,74,1726
76,14,15,80,2169
90,14,15,8,2405
34,14,31,75,3626
68,14,4,88,1705
95,14,30,63,1602
59,14,4,10,4508
35,14,7,3,3064
12,14,19,94,3083
77,14,8,70,3518
41,14,42,55,2907
7,14,31,19,1632
38,14,10,71,4681
54,14,40,37,4281
46,14,41,23,3370
92,14,5,20,1523
74,14,12,8,3711
86,14,33,36,2665
88,14,5,23,3469
88,14,38,46,4316
3,14,35,51,1915
44,14,7,42,3195
60,14,3,41,3774
52,14,31,83,2593
69,14,38,73,3555
2,14,41,47,4953
30,14,24,71,3310
37,14,45,4,2243
9,14,18,79,1803
24,14,24,24,3913
41,14,17,47,3375
68,14,21,4,2643
61,14,26,16,4810
98,14,6,42,2074
91,14,26,13,3691
85,14,49,65,3898
10,14,32,20,4566
97,14,13,40,3777
14,14,11,3,3030
54,14,44,92,3006
77,14,43,45,4067
43,14,29,82,2748
77,14,42,69,4526
31,14,20,62,4273
89,14,20,8,3897
92,14,12,66,1528
78,14,11,83,1789
82,14,14,37,2467
4,14,33,96,2463
68,14,40,75,4040
98,14,8,39,4709
10,14,26,30,4615
10,14,38,19,3872
49,14,42,34,4167
52,14,17,89,3481
99,14,6,48,3992
86,14,12,30,2358
39,14,8,7,2739
84,14,41,35,2866
18,14,6,88,2726
2,14,39,41,2601
52,14,47,98,4935
92,14,19,95,4048
17,14,34,4,4553
68,14,47,12,1911
7,14,23,97,3616
30,14,23,4,3171
42,14,39,90,3615
32,14,12,36,3428
23,14,6,2,1641
50,14,17,67,3198
65,14,9,44,4260
17,14,28,81,3323
5,14,29,70,3239
29,14,32,52,3677
21,14,29,6,3135
37,14,9,46,3382
46,14,48,75,2983
34,14,32,80,4267
37,14,13,94,1892
21,14,16,49,2403
70,14,9,70,2419
85,14,49,21,1545
50,14,48,36,3147
90,14,47,82,3972
98,14,3,22,2846
76,14,27,5,2110
51,14,39,29,4297
74,14,6,3,4939
71,14,18,1,3203
22,14,40,2,4880
98,14,4,76,2118
53,14,26,88,2750
9,14,16,51,4950
34,14,13,39,1674
8,14,29,82,4499
65,14,30,4,4296
68,14,44,54,3241
11,14,18,67,3305
2,14,15,55,3920
23,14,34,84,1992
66,14,17,61,2606
74,14,49,8,2305
24,14,18,92,3232
37,14,37,4,2480
70,14,9,54,4712
99,14,16,72,4238
44,14,40,32,4490
71,14,9,12,1688
51,14,29,92,4694
11,14,12,67,2715
70,14,31,23,2492
96,14,21,23,3817
33,14,38,37,3350
24,14,40,53,4736
57,14,11,38,4389
53,14,6,59,4416
63,14,24,8,3863
11,14,21,71,1887
43,14,43,95,2066
79,14,47,50,2263
16,14,3,34,4538
99,14,28,7,4138
81,14,27,65,1652
10,14,3,18,4554
61,14,13,48,4329
72,14,41,95,3608
38,14,19,34,2899
3,14,31,74,1723
17,14,4,46,2249
58,14,26,64,2616
83,14,18,71,4211
11,14,20,12,1656
46,14,25,97,3513
50,14,7,27,1655
29,14,31,5,4496
64,14,36,53,4662
21,14,8,9,4537
70,14,15,52,1610
13,14,37,31,4047
5,14,29,95,1693
55,14,4,42,4653
75,14,6,51,4073
46,14,38,96,1954
67,14,24,70,3119
53,14,7,93,4638
52,14,17,31,2017
46,14,16,63,3110
70,14,29,12,2233
38,14,43,91,1872
1,14,22,20,1829
18,14,8,76,3110
74,14,11,48,3666
16,14,47,94,4110
68,14,16,53,3849
61,14,19,15,3388
84,14,46,60,4016
39,14,25,37,2593
69,14,22,65,1504
24,14,31,29,3116
32,14,9,13,3181
42,14,32,99,2823
62,14,28,62,4985
23,14,12,65,3928
60,14,30,6,4747
12,14,44,31,2535
77,14,12,78,4597
58,14,37,40,1682
12,14,12,22,4705
11,14,46,36,4497
89,14,14,49,4485
77,14,9,12,2949
18,14,40,43,1804
25,14,14,17,4418
93,14,3,7,2320
24,14,44,97,2075
57,14,12,9,2529
98,14,7,48,3326
27,14,48,11,2836
99,14,14,21,4084
80,14,10,93,3445
55,14,18,57,4378
44,14,46,6,3219
85,14,10,31,1824
38,14,36,17,3009
51,14,43,46,2147
83,14,12,10,2850
28,14,26,68,2145
20,14,29,83,3466
57,14,14,35,3961
78,14,33,59,3258
64,14,8,88,3497
42,14,16,92,1511
24,14,47,26,4949
43,14,45,99,1831
82,14,36,10,1707
91,14,18,51,4621
67,14,42,11,4942
78,14,29,64,4937
45,14,14,31,4748
78,14,46,92,4748
11,14,26,60,4411
4,14,13,76,4992
52,14,2,39,3649
35,14,11,76,2027
87,14,14,84,4604
77,14,11,22,3846
36,14,6,13,4737
40,14,36,19,3135
48,14,2,95,3538
4,14,30,80,3470
95,14,12,33,4189
20,14,35,17,3113
33,14,3,78,2957
97,14,23,1,1955
98,14,21,46,1885
69,14,22,67,1698
90,14,41,32,2814
43,14,35,43,4690
4,14,16,3,2818
73,14,8,21,4073
66,14,2,40,2783
15,14,19,58,2818
25,14,25,87,4300
32,14,18,76,1906
81,14,23,40,4200
43,14,29,61,4161
94,14,24,75,2409
24,14,15,16,4644
34,14,37,40,1757
25,14,37,38,4221
65,14,47,96,1611
71,14,9,2,2693
54,14,39,53,3650
3,14,39,40,2213
57,14,44,95,3155
27,14,13,28,3918
83,14,17,11,4749
65,14,21,64,4708
88,14,49,40,1771
9,14,29,56,2323
53,14,40,53,4214
42,14,18,51,2010
62,14,1,15,3372
81,14,25,57,4751
37,14,47,49,4833
9,14,29,22,2772
59,14,35,53,2831
20,14,9,79,4594
58,14,25,15,2157
46,14,32,65,3083
2,14,1,3,3564
35,14,36,23,2735
22,14,17,72,4846
41,14,41,88,3382
55,14,22,84,4988
93,14,12,49,2275
46,14,7,97,4405
45,14,6,88,1990
26,14,31,14,4027
42,14,12,60,3053
19,14,37,18,1773
81,14,21,40,1894
56,14,12,71,4668
50,14,8,24,2550
27,14,4,83,3513
91,14,32,4,2080
92,14,31,68,4659
34,14,41,11,4407
58,14,43,10,4055
21,14,13,70,3759
81,14,10,33,4190
84,14,37,98,2590
26,14,41,8,1705
34,14,38,79,3724
51,14,38,56,2493
93,14,18,66,2120
69,14,3,40,2343
75,14,31,79,2835
52,14,8,80,1516
53,14,49,4,2782
25,14,39,34,4919
81,14,16,11,3246
7,14,27,62,4360
57,14,42,37,3838
83,14,2,35,4048
79,14,10,29,2960
20,14,38,71,2402
33,14,17,75,2494
64,14,7,62,3181
15,14,45,15,1649
64,14,29,62,2968
94,14,14,68,3176
26,14,11,10,4955
74,14,20,67,3837
61,14,15,66,3687
5,14,4,87,4646
68,14,43,83,3489
93,14,27,75,4141
35,14,16,62,2037
16,14,38,9,4493
67,14,39,22,3007
61,14,46,68,2651
58,14,23,65,2298
43,14,15,16,3720
54,14,29,99,3751
60,14,10,13,2797
43,14,1,50,2044
26,14,37,27,3896
92,14,32,84,2773
27,14,46,48,4217
97,14,1,18,4935
30,14,22,80,2729
34,14,38,91,3739
35,14,10,42,2096
88,14,32,4,2447
26,14,8,13,3891
38,14,37,6,1957
54,14,16,40,1815
62,14,21,49,3802
9,14,22,78,4024
25,14,42,2,2855
67,14,33,22,4454
39,14,14,76,3706
8,14,2,11,3545
85,14,6,42,4710
88,14,45,48,3774
98,14,6,53,3568
44,14,40,11,3718
11,14,44,53,1885
70,14,13,24,3208
53,14,20,34,3720
27,14,38,91,4825
14,14,3,11,2361
10,14,43,16,3213
85,14,35,21,3670
68,14,26,63,2850
39,14,41,25,2331
68,14,19,62,3440
73,14,41,28,1740
26,14,5,21,3212
65,14,4,82,3064
34,14,13,67,2741
34,14,3,18,1929
18,14,19,96,3808
43,14,42,64,4723
32,14,10,69,4342
33,14,5,34,2635
41,14,20,24,1540
47,14,23,43,3736
57,14,29,19,3779
92,14,36,35,2298
98,14,47,49,3408
6,14,49,98,4741
60,14,6,22,3760
57,14,18,83,4815
34,14,8,32,2875
2,14,39,22,1538
89,14,7,62,4059
52,14,40,69,3484
26,14,31,64,1877
28,14,15,79,4337
70,14,45,19,2373
61,14,6,55,4945
19,14,20,53,2141
13,14,23,96,3016
70,14,1,67,2204
46,14,31,6,2020
28,14,17,97,2396
58,14,45,65,3393
80,14,17,92,3381
86,14,18,31,4489
67,14,23,27,4074
12,14,22,34,3903
41,14,18,63,2205
19,14,48,16,2260
23,14,39,54,4701
91,14,7,36,4882
89,14,2,11,4432
99,14,12,14,3994
34,14,28,28,4951
20,14,28,36,4451
29,14,12,77,4447
99,14,6,89,2137
89,14,20,73,4139
55,14,10,95,4317
10,14,6,64,3884
68,14,43,62,3376
19,14,7,50,2413
39,14,47,81,3550
64,14,47,71,2334
88,14,19,58,4899
97,14,13,61,4944
25,14,16,83,1690
6,14,28,90,2400
88,14,6,2,2881
61,14,24,83,4100
66,14,36,97,3250
29,14,2,71,4442
66,14,14,93,2924
82,14,40,25,4867
53,14,20,40,4948
19,14,26,49,2729
12,14,27,5,3738
38,14,23,42,3158
9,14,43,95,3679
24,14,3,98,4980
66,14,11,75,3065
54,14,48,76,3675
99,14,5,62,1958
10,14,3,59,4393
7,14,40,58,4916
2,14,20,41,1574
10,14,46,56,4249
84,14,41,52,4737
85,14,38,63,2879
92,14,9,92,4910
89,14,29,59,4752
35,14,41,73,4908
56,14,5,51,3752
92,14,12,3,2176
21,14,46,47,3374
97,14,2,82,3566
6,14,25,21,2957
73,14,12,64,2169
40,14,45,98,4756
46,14,1,25,2502
70,14,22,59,2125
95,14,30,51,2979
85,14,38,13,3840
85,14,49,81,1810
65,14,2,85,4938
8,14,6,68,1542
44,14,39,87,4054
64,14,9,97,3206
65,14,1,14,3185
44,14,20,31,3970
11,14,38,62,3821
71,14,8,46,3479
97,14,49,59,1683
4,14,1,30,3233
83,14,25,49,1618
88,14,1,94,4530
41,14,45,62,2049
74,14,6,43,2278
40,14,20,52,3411
43,14,43,26,4337
29,14,41,79,1943
87,14,25,83,2730
17,14,45,74,3326
24,14,11,2,2350
53,14,32,77,2750
92,14,43,97,1550
61,14,9,35,4917
60,14,4,35,4952
94,14,34,6,3243
27,14,19,31,2816
80,14,44,59,2949
45,14,41,73,1976
76,14,32,68,3582
9,14,2,27,2741
16,14,14,20,3553
95,14,8,2,2129
28,14,41,3,2575
49,14,31,58,4035
69,14,38,67,4661
35,14,47,97,4766
80,14,23,85,2377
38,14,30,93,3897
80,14,26,77,4508
95,14,6,88,4007
24,14,24,24,2360
58,14,23,75,1643
3,14,25,69,4521
50,14,19,1,2014
88,14,21,48,4114
94,14,12,3,2363
47,14,22,64,1782
96,14,45,89,3016
71,14,31,36,1529
84,14,34,64,3923
94,14,29,59,3217
25,14,40,13,1720
80,14,43,14,3650
5,14,49,4,4273
20,14,45,70,2025
38,14,18,8,2710
37,14,33,13,4431
16,14,31,68,3633
77,14,6,34,4285
89,14,35,93,2727
50,14,13,78,4709
32,14,34,19,4993
5,14,25,4,2515
58,14,4,54,2914
8,14,30,99,4168
3,14,10,57,3223
46,14,21,89,1841
88,14,39,95,3079
57,14,1,81,4176
82,14,10,65,3117
66,14,15,59,4754
63,14,25,38,2483
50,14,19,48,2823
32,14,8,40,2840
30,14,3,94,4765
11,14,36,25,4334
97,14,21,42,4587
39,14,47,35,2944
57,14,6,57,2575
96,14,32,21,2820
32,14,17,32,2412
14,14,29,24,4496
97,14,12,6,1664
63,14,37,93,2441
11,14,16,56,3109
36,14,1,53,3289
76,14,15,33,3496
68,14,25,58,3232
19,14,1,28,2791
28,14,4,26,2683
66,14,4,62,2774
70,14,2,13,2162
88,14,19,40,4143
68,14,29,41,2802
82,14,16,2,2946
11,14,2,70,4506
45,14,46,8,1604
18,14,42,97,2555
60,14,42,71,1884
57,14,2,51,1895
39,14,47,86,2104
25,14,39,39,3897
83,14,10,62,3367
53,14,49,87,3033
6,14,31,67,2736
30,14,24,24,2698
44,14,29,55,3208
61,14,21,48,1629
57,14,2,70,4264
51,14,25,76,1716
84,14,11,88,3051
71,14,23,84,4133
38,14,35,19,2116
48,14,19,84,2887
26,14,22,48,3507
89,14,48,83,3649
62,14,40,33,3442
1,14,32,85,4978
40,14,25,23,2983
19,14,26,85,3625
79,14,5,86,4586
54,14,13,8,3569
98,14,30,39,2669
82,14,31,20,4457
27,14,33,14,3697
42,14,18,4,3397
73,14,28,87,3785
54,14,22,8,3068
23,14,49,94,3929
21,14,33,58,3236
79,14,3,12,4783
96,14,42,73,1782
21,14,37,28,3561
6,14,40,12,3758
40,14,32,62,4288
43,14,26,85,2469
5,14,24,57,2524
27,14,41,19,4190
52,14,45,29,4159
83,14,29,91,2899
11,14,22,88,3198
3,14,42,88,2087
47,14,36,95,3573
63,14,7,67,2620
92,14,10,80,4457
35,14,25,74,3084
26,14,30,52,4099
38,14,37,33,3872
9,14,15,32,4780
48,14,16,97,1762
74,14,16,62,2266
75,14,6,11,4616
73,14,5,48,4331
82,14,37,7,3012
72,14,49,1,1604
51,14,47,74,4702
72,14,22,10,4240
72,14,3,28,2743
32,14,26,65,3177
12,14,46,96,1971
36,14,44,58,1838
74,14,39,47,4287
91,14,47,98,1574
70,14,40,98,3739
69,14,15,20,4917
90,14,40,54,3516
70,14,47,53,1798
10,14,33,30,3631
18,14,35,20,3079
81,14,7,59,1908
29,14,16,48,2451
79,14,13,41,3080
84,14,11,24,4007
84,14,34,87,2190
26,14,23,7,3533
92,14,41,30,4543
60,14,15,32,1970
69,14,45,42,4621
42,14,14,34,4596
26,14,21,87,1576
25,14,20,60,1599
2,14,32,34,1583
55,14,41,8,3900
68,14,9,92,3338
67,14,24,15,2438
23,14,45,71,3825
85,14,10,57,2597
73,14,13,49,1921
40,14,7,44,2440
73,14,15,87,2988
4,14,40,99,1838
1,14,11,98,3043
92,14,43,42,3026
53,14,42,33,3473
68,14,38,36,4071
53,14,39,82,3183
79,14,17,30,2479
28,14,6,12,2203
9,14,13,90,1607
70,14,16,98,1612
86,14,5,11,2837
68,14,46,4,2466
93,14,2,34,2886
37,14,42,99,3506
53,14,42,57,2069
19,14,30,96,2270
27,14,4,82,1660
48,14,13,87,4453
76,14,3,53,4698
79,14,29,82,3948
94,14,25,1,3618
67,14,21,92,3594
47,14,46,20,4627
27,14,6,95,2260
44,14,22,98,4738
15,14,28,61,4492
58,14,30,58,2730
56,14,47,89,4247
24,14,17,35,2437
98,14,12,96,2465
29,14,46,34,2396
83,14,27,74,2790
8,14,18,61,3803
32,14,31,8,2197
41,14,11,71,1930
44,14,28,78,2616
53,14,29,1,1963
59,14,4,23,2312
52,14,10,73,4339
26,14,36,23,3357
73,14,26,43,4310
36,14,31,91,2352
49,14,15,83,2729
38,14,23,26,3782
98,14,42,61,2051
17,14,39,61,1737
16,14,24,16,4574
94,14,28,23,2445
84,14,7,78,4196
97,14,8,17,2253
84,14,45,34,3372
47,14,12,95,3679
79,14,30,17,3791
16,14,25,32,2925
63,14,38,18,4122
29,14,13,72,1718
99,14,6,28,4329
88,14,10,80,4378
14,14,29,80,3829
98,14,12,5,2157
63,14,28,51,1936
25,14,43,31,3279
20,14,37,1,3629
11,14,33,88,2510
49,14,40,12,4037
43,14,27,63,3437
13,14,5,22,2832
79,14,32,16,3276
74,14,11,17,4791
98,14,36,2,2343
93,14,38,30,4589
63,14,20,68,4691
91,14,4,73,3727
94,14,2,7,3612
94,14,35,61,1509
1,14,3,45,3221
53,14,48,38,2518
58,14,27,17,3267
11,14,2,3,4971
32,14,31,64,4842
83,14,34,33,2453
33,14,4,79,3641
1,14,41,55,3449
43,14,14,68,1709
92,14,8,95,1659
33,14,11,80,2908
32,14,45,92,4032
68,14,37,3,2091
98,14,43,32,3688
20,14,12,33,3806
43,14,22,98,1923
8,14,41,51,3667
6,14,49,10,3067
19,14,19,50,4052
90,14,16,14,3964
7,14,43,54,3294
53,14,46,94,4927
45,14,19,91,2236
5,14,40,8,1848
87,14,39,37,3309
86,14,14,65,4298
56,14,15,56,3625
47,14,41,87,3913
19,14,10,42,2633
32,14,4,48,3609
20,14,43,39,4825
48,14,41,30,2459
38,14,47,76,3132
65,14,13,23,3410
21,14,38,80,2607
46,14,20,42,3773
68,14,41,33,2607
7,14,38,78,3737
29,14,14,84,3927
98,14,27,94,4038
96,14,5,79,2214
84,14,7,15,2971
79,14,36,90,3772
19,14,45,74,4522
5,14,2,59,4208
95,14,25,15,4950
9,14,38,33,4382
87,14,27,51,4905
97,14,14,17,4585
33,14,3,28,3465
71,14,32,69,2730
68,14,31,48,3274
73,14,32,63,3512
28,14,29,68,2154
99,14,29,77,4786
70,14,9,96,4780
72,14,10,15,4801
27,14,25,8,4156
98,14,27,79,3126
42,14,17,11,3059
29,14,45,49,4748
79,14,22,70,3727
3,14,41,4,3811
73,14,36,66,3464
36,14,4,4,3241
12,14,28,51,2348
41,14,34,35,3737
59,14,4,56,2245
73,14,23,13,4795
6,14,25,86,3660
37,14,49,63,4222
22,14,7,46,2196
85,14,27,30,3017
31,14,22,59,3848
32,14,40,94,4065
60,14,21,60,2882
69,14,6,60,2940
1,14,29,92,4888
77,14,19,58,2167
40,14,6,35,1889
88,14,33,32,4252
92,14,46,78,2315
64,14,36,88,2412
97,14,29,71,4609
82,14,9,35,3090
45,14,33,54,2928
24,14,2,52,2633
50,14,15,50,3856
15,14,2,44,1873
13,14,17,44,1568
1,14,37,33,3297
72,14,16,34,4178
64,14,7,26,4524
20,14,49,35,4332
12,14,48,85,4877
6,14,40,75,1965
42,14,12,80,4432
36,14,20,3,1770
23,14,42,18,2944
99,14,46,63,3970
83,14,26,36,2627
2,14,8,22,4813
93,14,44,76,4002
20,14,46,79,1599
52,14,30,2,4835
40,14,26,88,4319
29,14,49,47,2951
59,14,3,24,2305
54,14,21,1,4436
83,14,38,59,3313
37,14,18,17,3210
88,14,12,60,3603
80,14,48,79,2758
99,14,21,69,3608
72,14,33,78,1621
36,14,49,59,2192
27,14,45,12,1705
55,14,24,12,3110
12,14,29,10,4172
19,14,20,89,4337
2,14,20,15,4371
48,14,40,90,4743
3,14,46,97,4308
97,14,38,76,2547
44,14,16,90,2546
60,14,39,10,4487
74,14,44,10,3294
2,14,40,68,4289
55,14,31,56,2900
60,14,42,85,2126
44,14,6,16,4021
40,14,9,3,3281
68,14,19,83,3127
7,14,33,39,4822
65,14,38,41,1555
10,14,23,15,4588
41,14,24,38,3903
73,14,25,26,1733
33,14,10,73,3386
91,14,24,45,4048
34,14,14,10,2227
98,14,8,84,1845
82,14,48,28,4960
85,14,44,37,3146
46,14,23,36,2533
75,14,46,34,2769
86,14,29,98,2946
78,14,30,27,1796
97,14,19,75,4858
20,14,11,42,3699
91,14,48,56,4033
58,14,11,84,2999
79,14,18,99,2916
62,14,29,82,2245
87,14,26,41,4164
76,14,45,91,3658
61,14,10,10,4034
71,14,35,47,4784
84,14,4,44,2135
29,14,7,57,4346
31,14,20,24,2675
40,14,33,43,2945
94,14,34,92,2857
9,14,37,84,2576
13,14,36,18,4137
72,14,13,91,2778
10,14,27,89,2290
64,14,43,24,1592
70,14,37,51,2965
96,14,10,76,2555
25,14,21,58,2168
55,14,41,65,3956
10,14,11,43,3203
47,14,9,34,3566
15,14,42,36,3050
34,14,22,82,4136
56,14,34,32,3808
97,14,36,60,2170
63,14,48,33,1560
99,14,33,97,3491
80,14,14,82,2825
70,14,42,11,3702
97,14,44,70,2331
61,14,10,67,2496
32,14,18,81,4843
80,14,16,3,3225
89,14,17,17,3189
10,14,31,29,2688
40,14,20,2,3263
50,14,21,10,3921
38,14,29,18,2007
61,14,10,74,1716
17,14,35,97,4525
27,14,37,91,4786
38,14,33,45,4386
44,14,40,62,2505
37,14,40,35,1699
59,14,19,70,3040
64,14,24,45,3434
24,14,23,60,3420
17,14,43,50,2147
59,14,36,66,3518
23,14,36,51,1864
29,14,12,65,3875
76,14,46,85,1971
47,14,23,11,3034
87,14,46,47,2456
16,14,7,56,4224
27,14,19,40,4458
89,14,22,34,3010
94,14,12,58,2618
27,14,22,80,2771
84,14,37,35,2979
97,14,6,99,4377
74,14,13,96,3794
48,14,20,74,2090
85,14,41,86,4506
1,14,11,41,1514
22,14,27,78,2390
25,14,13,29,3344
19,14,17,51,3853
15,14,20,34,3171
84,14,47,77,2138
20,14,19,18,3090
12,14,36,12,2734
63,14,36,80,1553
97,14,39,74,1922
87,14,25,34,3531
26,14,45,41,1816
39,14,45,68,2416
63,14,31,30,4093
31,14,25,10,4438
35,14,45,2,4703
93,14,6,15,1674
22,14,26,99,2607
63,14,34,77,2926
16,14,7,86,1582
44,14,10,26,1692
71,14,20,87,1531
27,14,8,16,3980
86,14,41,86,4213
22,14,46,16,1571
10,14,28,27,4521
39,14,11,91,3053
90,14,5,70,3491
61,14,44,85,3845
5,14,46,65,3767
24,14,17,12,3260
33,14,1,64,3462
19,14,45,66,3608
29,14,6,32,2698
76,14,27,45,2577
55,14,21,64,4942
20,14,18,8,4710
19,14,18,52,2359
21,14,43,28,3609
52,14,9,44,3752
6,14,45,79,1690
66,14,9,90,2867
83,14,3,64,4867
99,14,47,57,1592
15,14,28,69,2715
74,14,29,93,2196
94,14,15,70,2612
96,14,30,6,2633
39,14,17,19,1797
64,14,4,8,1775
97,14,10,8,3665
19,14,47,23,3641
37,14,26,98,3130
58,14,1,90,4917
50,14,30,4,2661
80,14,19,90,2750
45,14,11,33,3854
99,14,45,87,4064
82,14,24,84,4548
26,14,21,73,2899
20,14,33,37,3084
57,14,25,34,3091
49,14,12,43,2189
90,14,5,72,3530
58,14,25,33,1511
71,14,27,2,1575
72,14,39,80,4180
58,14,16,33,2219
96,14,42,80,3833
82,14,1,56,2445
57,14,3,76,4058
20,14,1,71,3722
67,14,18,82,4754
41,14,36,39,2788
18,14,3,37,4288
93,14,27,44,2741
70,14,29,59,3176
62,14,22,66,2809
75,14,27,50,2931
57,14,22,10,1681
95,14,25,73,3679
30,14,9,21,1538
97,14,4,1,1613
28,14,17,80,2782
34,14,17,65,2243
73,14,31,8,2327
42,14,48,55,1851
85,14,13,27,2155
53,14,41,9,2582
61,14,20,19,2454
20,14,14,15,4517
66,14,44,22,3563
98,14,22,42,2298
67,14,19,54,2856
38,14,18,4,4120
75,14,30,1,4222
37,14,48,13,2465
28,14,25,27,4506
29,14,23,58,1753
44,14,36,39,3850
24,14,5,92,3038
97,14,41,15,2338
10,14,46,92,4449
75,14,14,38,1885
86,14,20,51,3357
89,14,21,50,2380
74,14,46,27,2319
77,14,11,62,4972
41,14,35,66,4277
80,14,48,42,2828
98,14,43,98,4202
46,14,16,32,1706
97,14,15,14,4288
51,14,14,27,3288
22,14,29,10,3660
3,14,46,63,3026
27,14,13,33,3246
27,14,47,48,4209
60,14,35,31,2976
63,14,31,12,3264
54,14,13,5,4084
75,14,42,99,1703
2,14,46,27,1890
57,14,46,52,1984
68,14,33,58,1655
34,14,5,61,3530
85,14,43,45,3593
8,14,45,14,4554
56,14,33,45,3551
23,14,10,83,2362
43,14,42,20,4548
17,14,10,68,1769
12,14,8,33,2484
28,14,16,8,3247
69,14,45,10,1970
22,14,16,59,4351
25,14,10,68,3485
30,14,4,20,4290
20,14,40,99,3796
89,14,35,43,3753
12,14,13,23,1906
84,14,10,81,4542
90,14,32,59,4221
81,14,8,24,2425
15,14,36,79,4313
60,14,31,99,2933
11,14,37,12,1848
19,14,48,30,3508
4,14,44,47,3577
80,14,30,32,4773
98,14,10,75,2195
26,14,43,16,2878
88,14,39,98,3555
3,14,27,91,1897
64,14,43,64,2768
69,14,43,43,4504
59,14,34,92,2906
52,14,1,95,4960
15,14,34,95,4048
40,14,12,18,2226
14,14,11,18,2167
86,14,30,27,2134
4,14,2,34,4685
78,14,14,66,3341
26,14,15,25,1827
58,14,40,46,2615
1,14,41,32,3815
83,14,9,48,4256
81,14,32,28,3697
46,14,13,8,3829
12,14,27,37,2803
98,14,43,97,2945
42,14,33,56,3424
69,14,49,41,2078
40,14,4,43,2322
13,14,45,48,3037
80,14,3,6,1570
55,14,42,46,4577
3,14,26,32,4025
84,14,33,51,2584
67,14,15,82,3165
44,14,19,85,1910
58,14,39,3,3663
40,14,8,5,2350
55,14,25,77,3183
9,14,19,58,2843
47,14,44,9,2298
70,14,36,41,1882
95,14,10,95,4876
61,14,3,45,3754
52,14,31,52,3317
10,14,31,57,4182
39,14,28,70,3873
31,14,7,64,2550
8,14,6,47,4748
52,14,47,3,4408
27,14,29,28,2936
5,14,35,70,3972
16,14,10,33,2385
20,14,16,59,4788
43,14,27,41,3190
21,14,24,64,1553
34,14,49,84,3487
94,14,24,40,3814
12,14,4,99,2588
37,14,6,28,3713
86,14,27,35,2797
86,14,43,84,2714
40,14,2,44,2797
86,14,31,95,3569
73,14,5,5,2379
83,14,32,97,2814
99,14,38,68,4085
97,14,40,45,3969
41,14,14,3,2174
40,14,9,95,3051
69,14,26,62,3162
10,14,5,2,3083
39,14,28,38,2419
22,14,19,94,4237
56,14,3,92,3329
20,14,44,9,2032
27,14,49,94,4474
19,14,21,33,3044
61,14,19,23,3122
53,14,25,50,2062
25,14,36,47,4252
50,14,10,72,1708
34,14,37,73,2970
45,14,17,72,3154
84,14,34,79,3870
57,14,25,73,4587
51,14,1,76,3748
1,14,32,83,2717
51,14,27,26,3237
97,14,25,43,1917
92,14,19,32,4356
80,14,22,80,2567
28,14,8,22,1690
33,14,1,64,1978
28,14,16,99,4814
83,14,36,7,1926
99,14,22,46,2338
44,14,38,44,2810
31,14,37,27,4074
34,14,46,96,2421
66,14,22,79,1671
85,14,15,52,2709
47,14,29,56,4069
51,14,43,28,3294
53,14,40,18,2492
14,14,38,21,3380
58,14,19,31,2215
12,14,9,90,3056
91,14,8,26,3079
33,14,37,46,3416
96,14,26,32,3361
71,14,44,5,4205
63,14,38,58,4488
42,14,47,16,2662
17,14,16,21,2345
80,14,36,47,3401
63,14,47,73,1693
52,14,47,88,1522
96,14,6,15,2058
75,14,34,80,3608
96,14,45,85,4758
99,14,27,19,2366
50,14,13,41,1570
5,14,20,75,4168
63,14,26,39,2472
87,14,45,26,4941
67,14,14,96,4562
88,14,15,1,3638
50,14,15,67,3356
35,14,4,8,3972
52,14,9,49,4934
30,14,14,34,4891
17,14,49,2,3143
25,14,38,91,3124
8,14,41,16,3126
99,14,10,34,3551
22,14,44,11,4793
5,14,28,99,2505
67,14,42,60,4781
70,14,14,18,4230
80,14,26,38,3276
16,14,27,64,3573
58,14,3,66,3006
73,14,12,61,2839
81,14,15,61,3736
74,14,12,67,4549
18,14,49,39,3066
14,14,37,63,3327
49,14,28,26,3346
70,14,40,51,4344
38,14,37,39,3908
98,14,29,91,3253
81,14,11,49,4495
22,14,26,17,4457
61,14,36,10,1506
59,14,33,52,2394
50,14,46,54,4587
30,14,28,91,4926
98,14,41,76,3018
31,14,16,16,3839
3,14,10,2,1568
83,14,7,9,4089
38,14,45,84,4301
43,14,13,50,2572
2,14,34,94,3885
93,14,14,24,4755
13,14,36,52,1829
73,14,42,27,4975
16,14,30,13,3395
3,14,48,84,4767
37,14,11,28,2063
29,14,1,84,4984
73,14,38,99,3286
77,14,24,21,2513
97,14,7,15,3292
98,14,49,38,3261
9,14,43,31,3865
90,14,26,28,2541
84,14,11,14,4438
62,14,33,61,3270
65,14,15,51,2090
1,14,42,1,3214
50,14,42,42,4255
13,14,25,98,1997
24,14,12,14,2957
9,14,35,55,4691
67,14,38,34,4305
7,14,12,72,1787
93,14,27,68,3370
45,14,35,81,2466
27,14,39,7,2983
14,14,17,94,3360
79,14,39,61,3816
17,14,24,50,2322
6,14,25,63,2297
32,14,28,42,1504
55,14,38,44,4641
42,14,41,15,2188
17,14,24,50,3958
85,14,11,55,1753
90,14,30,17,1911
62,14,40,47,2731
62,14,9,10,4258
1,14,39,14,1522
2,14,13,72,2760
55,14,24,27,4397
69,14,25,12,3000
45,14,43,27,2192
4,14,46,9,3797
93,14,19,56,2124
46,14,7,82,3152
84,14,31,79,2015
60,14,34,89,2029
86,14,14,50,4102
88,14,35,62,3171
21,14,12,87,4464
11,14,46,62,1894
33,14,40,76,4151
42,14,14,56,3277
10,14,27,96,2247
57,14,5,41,4847
22,14,16,39,3174
99,14,9,27,4245
34,14,28,90,3152
17,14,25,14,4062
34,14,24,31,1558
90,14,9,42,2047
99,14,3,50,2236
49,14,22,32,3618
74,14,35,75,4972
51,14,21,15,3956
20,14,45,81,2026
61,14,6,97,4122
14,14,39,42,3692
71,14,18,59,2960
78,14,46,56,3454
71,14,37,52,4016
14,14,12,21,2849
16,14,49,93,4560
94,14,3,25,3640
26,14,29,95,4351
28,14,21,98,4394
95,14,30,84,4747
47,14,33,2,4885
43,14,35,55,2070
89,14,1,84,4565
89,14,34,44,1661
62,14,46,17,2384
81,14,14,66,2367
41,14,24,18,2769
93,14,9,33,3581
47,14,46,92,2095
1,14,29,42,2906
62,14,15,88,2485
9,14,5,14,3117
24,14,48,97,3090
50,14,19,95,2664
99,14,12,80,4639
49,14,3,68,4085
65,14,38,20,4864
42,14,47,94,1875
25,14,39,69,3336
34,14,44,51,4190
30,14,29,65,4166
93,14,43,25,1974
7,14,12,94,3377
30,14,33,79,4280
58,14,15,1,2298
9,14,16,31,3647
78,14,5,37,4646
83,14,18,75,3522
72,14,24,66,4136
43,14,28,66,3462
81,14,17,33,2715
12,14,34,52,4443
97,14,42,31,4723
35,14,42,2,1742
67,14,2,84,1900
86,14,5,23,1861
33,14,47,27,3803
36,14,15,5,3678
10,14,4,24,4963
81,14,1,19,3277
50,14,24,59,2015
38,14,24,34,2840
24,14,23,19,2781
14,14,27,74,3353
21,14,46,14,1642
35,14,8,35,2033
58,14,46,15,4468
91,14,35,81,1621
60,14,6,86,4434
43,14,29,5,2590
57,14,7,55,4776
1,14,10,55,1581
60,14,45,79,1913
30,14,12,99,2957
93,14,36,22,2519
83,14,40,33,3336
99,14,5,25,3858
42,14,30,90,2504
82,14,8,93,1773
57,14,23,58,3414
24,14,32,6,3352
55,14,23,17,2775
19,14,21,36,4773
99,14,6,12,3851
79,14,33,86,2228
55,14,15,24,4405
89,14,8,75,2169
53,14,17,36,4603
17,14,7,59,3664
68,14,16,14,3189
36,14,26,68,1642
72,14,20,85,3257
68,14,42,89,2870
32,14,47,70,3773
87,14,40,87,3383
94,14,37,59,3433
55,14,45,22,3426
80,14,31,11,3162
84,14,15,26,2987
36,14,42,30,4690
48,14,29,84,4734
4,14,6,83,4200
80,14,36,47,1521
58,14,48,37,3110
97,14,49,50,4400
33,14,32,17,2349
21,14,17,68,3304
10,14,9,57,1620
91,14,2,52,1979
92,14,9,13,2557
51,14,35,20,3855
32,14,24,53,3462
19,14,12,5,1583
50,14,9,32,4611
41,14,4,88,2984
57,14,15,17,4060
62,14,34,29,2688
22,14,27,77,3828
70,14,42,9,2103
76,14,16,57,4366
45,14,12,15,4259
27,14,27,67,4003
52,14,28,9,2098
7,14,10,53,4050
61,14,28,42,4393
97,14,21,25,2953
48,14,49,51,1923
28,14,26,7,2230
69,14,24,92,3132
19,14,13,35,3036
49,14,23,86,3036
82,14,16,12,2175
69,14,16,86,4948
42,14,20,32,4914
1,14,27,5,1873
71,14,26,74,3705
41,14,42,22,4542
54,14,13,50,1845
61,14,44,75,3194
10,14,40,24,4241
62,14,28,55,2174
5,14,15,24,4626
1,14,35,90,4969
89,14,29,43,4694
85,14,24,56,1613
76,14,36,74,2811
61,14,40,92,1791
66,14,19,8,3099
99,14,25,7,3069
84,14,3,23,3134
24,14,22,52,3376
51,14,4,56,2589
86,14,26,26,1570
94,14,41,70,2530
56,14,11,67,3766
96,14,25,61,3498
6,14,24,52,4752
44,14,23,41,4426
25,14,3,25,3592
84,14,3,8,2047
62,14,27,26,1822
95,14,3,53,3409
11,14,41,86,4580
22,14,18,52,1707
12,14,17,63,4692
80,14,15,88,4606
89,14,45,41,2916
68,14,42,77,3494
7,14,15,40,4308
37,14,44,66,4553
59,14,25,70,3630
16,14,37,10,4040
4,14,30,63,4126
92,14,44,58,3492
67,14,36,6,3824
23,14,34,52,2917
59,14,19,28,4451
52,14,6,7,2457
15,14,18,17,3832
9,14,28,88,4769
13,14,40,35,4490
80,14,18,99,3137
56,14,28,25,3260
96,14,35,87,4372
55,14,42,60,3966
3,14,36,84,4921
84,14,24,30,4857
51,14,8,51,2314
44,14,23,57,4494
35,14,43,15,4081
9,14,20,63,3256
60,14,41,1,2030
55,14,43,3,3107
78,14,30,80,2961
40,14,25,95,1814
63,14,7,90,3937
6,14,34,70,2925
13,14,38,18,4079
86,14,48,63,2616
71,14,23,94,4940
43,14,48,76,2364
32,14,9,60,3871
10,14,24,80,2099
27,14,28,99,1582
20,14,14,12,2572
15,14,33,46,4882
62,14,5,75,3818
68,14,33,57,3565
68,14,19,35,2447
84,14,30,35,1959
89,14,49,73,3980
8,14,42,41,3856
99,14,44,86,4571
13,14,12,21,2040
68,14,40,41,3650
4,14,25,96,2042
50,14,36,46,2789
58,14,39,76,2382
88,14,11,77,3876
26,14,22,81,3509
40,14,22,55,4355
75,14,43,91,3568
27,14,2,62,3456
24,14,44,83,2960
81,14,42,69,3194
6,14,25,53,4329
56,14,33,42,2144
87,14,19,6,2180
48,14,1,56,4736
4,14,16,13,1704
15,14,23,38,2273
57,14,38,28,3845
85,14,33,56,3594
45,14,46,18,4735
54,14,20,78,2590
67,14,10,13,1525
7,14,4,5,3050
77,14,28,31,4823
48,14,7,41,3475
70,14,27,14,2426
33,14,15,34,4774
30,14,12,72,4032
82,14,14,12,1762
96,14,38,51,3714
63,14,13,21,4656
58,14,12,94,3011
92,14,33,86,3465
4,14,17,55,1599
13,14,41,28,3310
10,14,3,97,3362
58,14,25,38,3499
88,14,47,67,2195
73,14,27,80,3957
23,14,42,96,4103
29,14,4,96,1776
92,14,10,55,2409
8,14,21,47,2817
45,14,45,12,4513
2,14,22,24,4041
27,14,24,56,3946
43,14,20,2,4495
2,14,25,31,4937
31,14,44,71,2870
35,14,26,85,2237
28,14,41,32,4990
10,14,45,1,3745
10,14,19,44,2412
78,14,1,49,2857
56,14,6,11,3530
49,14,26,10,4883
43,14,45,22,1752
68,14,10,11,2247
99,14,16,42,4298
67,14,26,36,3031
80,14,43,39,4151
8,14,30,69,3228
75,14,24,32,3906
97,14,26,69,1640
54,14,33,20,2428
61,14,17,26,4536
13,14,31,37,4062
23,14,46,76,3611
49,14,47,65,4844
25,14,43,43,4268
49,14,29,13,4872
26,14,1,88,4631
7,14,22,71,3588
33,14,23,88,4788
74,14,21,63,2532
86,14,19,5,3654
36,14,42,48,3772
68,14,34,55,4330
71,14,15,81,4899
80,14,1,57,4208
98,14,35,30,2281
57,14,34,54,4622
23,14,24,66,3425
80,14,31,60,1664
16,14,35,54,4396
18,14,3,74,4018
76,14,44,75,4919
23,14,19,93,3772
49,14,1,82,4217
15,14,8,48,2203
95,14,27,85,4810
99,14,19,64,4674
67,14,38,71,4734
90,14,34,91,2148
56,14,26,18,4775
68,14,36,9,2264
53,14,42,96,2214
99,14,39,43,4534
63,14,22,95,1544
97,14,7,46,2622
54,14,22,42,2598
55,14,15,50,3958
44,14,41,4,4059
84,14,31,34,4376
36,14,46,9,4176
90,14,2,15,4254
63,14,3,9,2393
56,14,3,21,4195
51,14,7,82,3004
83,14,29,58,2289
94,14,44,45,1872
15,14,30,80,3686
81,14,45,72,3866
51,14,20,93,4623
1,14,10,50,4295
58,14,31,76,2791
13,14,31,3,1968
7,14,33,11,1888
47,14,45,71,4937
77,14,5,6,3833
4,14,32,25,2116
9,14,32,42,2256
6,14,22,68,3641
86,14,23,60,4635
54,14,29,5,2255
51,14,4,66,3802
81,14,45,84,1858
51,14,18,83,3670
74,14,18,21,4980
38,14,12,23,2530
53,14,23,47,2804
96,14,4,94,3439
84,14,7,8,2037
85,14,49,52,4262
63,14,46,34,2188
37,14,9,10,2761
38,14,15,46,3227
35,14,7,41,3500
88,14,30,24,2506
55,14,44,44,3906
16,14,12,46,3285
81,14,45,88,3790
63,14,28,33,1855
65,14,29,8,3919
70,14,41,15,4929
71,14,11,62,3980
23,14,24,39,3038
32,14,39,13,4712
38,14,25,39,3596
79,14,13,69,2155
99,14,48,55,3371
87,14,6,87,4396
60,14,3,9,4799
61,14,49,54,4872
78,14,42,67,3152
88,14,25,57,3009
38,14,11,7,2528
23,14,20,27,4675
19,14,29,66,3108
69,14,11,91,3173
22,14,23,18,2267
65,14,46,5,1665
8,14,17,2,3893
4,14,15,36,2846
87,14,31,10,1905
80,14,13,69,3245
34,14,7,89,2322
71,14,4,35,3709
72,14,44,75,2706
40,14,16,97,1921
17,14,24,3,4450
26,14,21,32,3796
48,14,25,17,4899
89,14,23,79,4831
73,14,38,13,4966
2,14,25,94,2853
25,14,9,16,3563
90,14,38,66,4438
53,14,13,19,2529
52,14,3,10,2925
55,14,1,32,2117
78,14,17,99,2557
10,14,22,71,4705
42,14,11,44,3015
91,14,6,95,3030
83,14,7,46,3632
57,14,3,52,2092
52,14,9,15,2159
78,14,40,48,3739
52,14,45,49,2377
81,14,37,76,2937
22,14,12,13,1566
82,14,33,35,3271
35,14,24,2,3100
79,14,38,18,4202
10,14,18,15,3430
78,14,19,88,2679
58,14,10,48,2221
17,14,38,71,2490
66,14,17,17,3306
54,14,17,94,2099
82,14,8,96,2150
7,14,22,28,3080
45,14,21,25,2887
5,14,44,63,3095
55,14,17,44,3341
29,14,47,35,3032
41,14,42,6,4713
48,14,17,95,2862
97,14,18,28,4000
56,14,37,95,3349
29,14,16,93,3338
1,14,42,63,4434
55,14,45,63,4997
33,14,40,58,4121
94,14,14,7,4574
13,14,9,18,3172
99,14,28,57,4201
33,14,10,33,1838
10,14,48,37,1934
10,14,42,39,3601
20,14,49,31,4475
14,14,47,77,1689
39,14,20,68,1954
1,14,7,68,4504
83,14,36,95,2716
52,14,24,1,4164
22,14,42,25,2013
9,14,25,70,1705
16,14,3,42,4308
49,14,48,22,3122
44,14,41,34,2856
92,14,23,93,1535
70,14,14,28,3471
76,14,4,28,3700
32,14,9,73,4374
4,14,49,11,2691
76,14,26,69,4952
42,14,46,24,2997
23,14,21,99,1780
85,14,48,63,2008
36,14,6,85,4563
23,14,25,7,1928
47,14,32,16,4143
61,14,26,41,2587
14,14,45,37,4039
52,14,28,1,2380
39,14,31,26,3274
43,14,8,70,2744
86,14,15,7,4180
26,14,39,28,3011
6,14,26,13,2758
69,14,25,10,3909
79,14,33,4,3203
1,14,31,82,4985
65,14,1,27,2449
99,14,19,12,2314
73,14,43,41,2677
82,14,22,32,3835
94,14,29,60,3471
51,14,32,8,3207
75,14,47,32,3354
3,14,33,79,4871
68,14,22,36,1796
57,14,32,55,2279
88,14,23,77,3111
98,14,33,62,1616
92,14,36,98,1656
65,14,37,17,2058
55,14,29,37,1646
52,14,18,87,2215
95,14,25,32,2521
42,14,34,89,2241
58,14,12,20,2923
15,14,37,63,3565
21,14,31,9,3070
71,14,18,45,1706
64,14,8,39,4268
54,14,17,87,4072
7,14,20,82,3989
78,14,47,32,1851
35,14,14,29,1836
89,14,39,63,2958
49,14,47,84,2605
53,14,19,3,1946
27,14,23,61,3547
96,14,31,78,2945
60,14,16,20,3754
6,14,11,32,2788
68,14,47,1,2882
60,14,13,19,2355
90,14,16,93,3917
11,14,10,20,4678
60,14,40,61,1743
79,14,35,60,3800
46,14,36,70,1997
70,14,10,88,4607
82,14,11,62,1900
16,14,1,25,4560
84,14,26,65,3739
81,14,6,89,2470
77,14,29,69,3779
68,14,29,54,3098
38,14,31,96,4609
34,14,12,87,3193
9,14,23,93,3660
44,14,42,13,4822
58,14,1,79,2006
43,14,46,85,3335
14,14,11,78,3538
34,14,8,12,2748
92,14,14,30,2503
92,14,49,9,4998
42,14,49,19,2198
39,14,25,85,4620
92,14,36,44,1835
97,14,15,97,3787
88,14,30,19,3209
86,14,12,73,2787
32,14,5,90,3611
16,14,43,67,4534
21,14,21,10,3779
89,14,41,70,1776
61,14,19,68,2762
64,14,40,82,1635
87,14,27,97,4577
23,14,24,62,4947
72,14,35,37,2430
20,14,7,87,3046
52,14,22,3,3811
80,14,43,80,3489
7,14,12,93,2021
13,14,5,16,4338
15,14,22,92,2982
45,14,28,30,4161
2,14,19,79,3815
56,14,34,29,3605
30,14,46,33,4890
64,14,15,29,4791
58,14,38,19,1997
11,14,30,98,3626
71,14,43,30,1585
16,14,7,83,1921
5,14,20,57,1615
73,14,9,3,2768
19,14,12,20,3037
9,14,7,17,1765
34,14,28,47,1918
89,14,25,55,3455
40,14,17,93,4938
65,14,11,70,2799
90,14,40,63,2632
75,14,20,55,3324
95,14,3,57,3063
9,14,21,2,4768
62,14,41,30,1656
25,14,49,23,3759
93,14,21,26,4226
55,14,24,94,1771
86,14,48,63,1720
2,14,12,10,3501
80,14,18,13,2376
27,14,13,23,3763
13,14,48,86,4441
1,14,2,24,4312
58,14,20,41,2426
73,14,12,90,2426
79,14,32,43,3766
84,14,4,78,2916
96,14,6,20,2404
3,14,31,24,3243
36,14,4,38,2621
10,14,18,60,2916
88,14,32,40,2519
12,14,10,75,1947
37,14,29,81,3626
67,14,44,3,3385
34,14,12,20,2715
29,14,16,17,3606
44,14,33,59,1524
91,14,4,89,4972
46,14,27,11,1743
50,14,16,68,2182
34,14,38,41,3999
92,14,24,82,4628
16,14,8,98,3746
17,14,33,59,2704
78,14,32,71,4296
25,14,9,50,2906
81,14,42,57,4258
44,14,21,33,1960
60,14,45,9,1560
85,14,8,84,2746
86,14,37,16,2968
60,14,20,54,4692
52,14,21,89,4017
19,14,4,65,3765
64,14,36,68,2478
3,14,4,85,3707
95,14,42,35,2093
92,14,6,60,3726
70,14,12,16,1670
98,14,37,91,3142
64,14,43,28,2242
73,14,41,31,2177
16,14,27,45,4195
94,14,16,85,1774
68,14,39,61,3697
64,14,22,10,2140
73,14,48,85,1912
35,14,3,84,4284
17,14,12,23,3995
2,14,23,69,3272
31,14,30,41,4979
11,14,45,80,4780
46,14,36,27,3543
71,14,9,56,2014
29,14,44,90,2099
41,14,10,72,3113
87,14,16,6,3114
32,14,42,14,4994
95,14,12,69,2244
93,14,16,97,1632
13,14,22,91,4010
5,14,47,41,3794
97,14,24,84,3973
74,14,29,96,4466
36,14,33,64,4248
38,14,2,28,4141
42,14,34,96,4720
88,14,39,81,2273
28,14,33,25,1941
3,14,15,44,4639
83,14,28,10,2718
86,14,29,65,3540
48,14,21,52,2629
63,14,36,13,3836
87,14,8,30,2446
99,14,37,32,1575
89,14,36,37,1583
96,14,32,73,4206
32,14,39,16,2725
91,14,38,73,2233
53,14,7,48,4682
36,14,24,36,4497
62,14,28,52,3303
29,14,39,87,2668
34,14,27,68,1697
69,14,11,9,1923
3,14,48,48,4474
20,14,9,31,2014
46,14,32,71,1842
85,14,2,72,3261
17,14,10,69,4940
51,14,4,60,2390
44,14,33,40,2672
73,14,43,69,4147
50,14,5,11,3322
95,14,24,24,2448
25,14,45,99,3395
18,14,14,67,3194
53,14,44,85,2847
59,14,20,19,3379
50,14,46,57,3363
56,14,10,55,4473
45,14,23,93,3397
89,14,41,15,3848
20,14,16,52,3959
14,14,15,49,2978
36,14,46,97,3209
51,14,33,74,2748
50,14,47,96,3741
68,14,32,67,2819
22,14,10,18,1648
50,14,37,40,2920
53,14,47,34,3669
32,14,23,49,1660
76,14,22,91,3018
78,14,26,12,2634
78,14,13,29,2323
82,14,20,20,3822
47,14,26,36,3000
17,14,16,83,2622
91,14,39,51,3946
59,14,49,5,4904
85,14,45,83,2335
57,14,6,73,4773
96,14,2,73,2731
26,14,15,99,2414
21,14,42,94,2407
47,14,31,20,2358
46,14,31,42,4137
33,14,5,68,2584
40,14,35,25,2443
12,14,25,96,4676
97,14,35,40,2581
8,14,49,16,3850
74,14,8,55,3506
42,14,1,54,1980
57,14,28,90,4188
9,14,16,37,3916
23,14,40,73,4012
16,14,1,47,1799
35,14,45,61,1814
11,14,4,79,3833
17,14,2,14,4420
32,14,35,16,4952
55,14,8,12,1864
81,14,27,62,3691
14,14,42,96,2773
36,14,33,10,4516
17,14,16,88,1914
59,14,11,70,2232
54,14,14,73,4650
52,14,3,70,3426
81,14,25,24,1936
50,14,9,34,2589
50,14,48,69,2084
98,14,21,25,2564
44,14,31,97,3378
82,14,48,5,2305
71,14,46,62,3870
46,14,10,58,2317
33,14,45,47,3103
7,14,10,29,2365
84,14,49,57,3123
34,14,42,87,3000
62,14,36,52,2629
52,14,12,6,4166
57,14,10,5,2805
43,14,41,82,3868
36,14,3,7,2805
85,14,48,65,2640
3,14,46,31,4339
77,14,30,35,2589
59,14,24,9,4492
58,14,22,29,2158
14,14,35,68,3252
26,14,36,97,4570
77,14,30,10,4967
86,14,19,20,2355
88,14,45,27,4157
14,14,28,2,4933
50,14,7,58,4174
28,14,41,11,3630
72,14,48,70,1688
68,14,49,68,4654
49,14,35,37,2560
88,14,21,83,2839
41,14,8,52,1814
6,14,34,18,2487
4,14,40,40,2108
41,14,25,40,3504
28,14,44,7,3267
14,14,46,16,3274
86,14,4,64,2275
89,14,21,66,3333
79,14,8,20,2562
51,14,4,71,2024
8,14,48,74,3867
71,14,48,51,3921
28,14,44,19,3391
25,14,34,52,2363
95,14,11,6,1955
52,14,17,83,1644
4,14,37,42,2876
40,14,21,60,4967
97,14,33,4,3743
49,14,32,16,4566
17,14,40,44,3927
24,14,19,71,4508
3,14,12,49,3814
41,14,2,75,3038
76,14,19,16,2156
14,14,8,17,1876
70,14,38,31,3967
61,14,12,69,2221
1,14,45,93,2487
14,14,27,72,1594
90,14,14,10,3859
77,14,22,53,2794
64,14,31,92,4300
62,14,43,75,2767
69,14,46,99,3392
92,14,4,89,3916
78,14,19,54,2603
25,14,25,2,4307
71,14,23,42,3773
47,14,41,59,3262
41,14,17,16,4890
92,14,37,95,3301
20,14,30,54,2371
98,14,49,34,2941
76,14,5,19,2462
53,14,27,50,2497
37,14,45,74,4935
47,14,46,92,4623
42,14,17,51,2625
52,14,14,3,4773
32,14,22,69,4924
61,14,45,84,4370
56,14,1,78,4778
74,14,1,58,2731
80,14,7,60,4595
39,14,6,42,3926
37,14,45,58,4487
17,14,11,70,3684
17,14,49,49,3648
59,14,32,69,2097
3,14,1,41,3725
54,14,46,94,3308
68,14,7,51,4607
54,14,21,23,2845
29,14,24,72,2018
48,14,40,68,4076
76,14,23,21,3718
62,14,25,57,2782
5,14,3,56,3751
71,14,46,14,2299
26,14,32,53,2005
81,14,45,98,4504
29,14,45,9,1965
88,14,32,65,1668
64,14,5,81,3200
27,14,20,35,3965
81,14,13,64,3445
51,14,47,20,2131
45,14,29,12,1574
7,14,22,58,1545
58,14,44,81,2898
63,14,28,42,1715
24,14,6,75,1764
58,14,43,21,2491
26,14,5,91,4538
61,14,23,83,3051
49,14,32,27,3947
1,14,8,63,4035
50,14,40,16,2810
85,14,34,57,3889
59,14,26,6,2264
57,14,11,86,1760
60,14,41,62,1956
7,14,20,92,3213
50,14,20,17,4123
80,14,9,79,2649
93,14,14,10,4579
97,14,15,74,3848
89,14,15,1,2019
71,14,17,66,4681
27,14,44,6,2735
55,14,18,28,2985
3,14,33,60,4703
73,14,9,78,4973
11,14,15,41,4522
92,14,17,49,2532
88,14,27,3,3033
20,14,18,89,4607
65,14,33,76,3504
50,14,18,95,4974
34,14,38,93,3480
67,14,48,55,3601
69,14,31,52,2679
94,14,25,23,4622
17,14,30,53,4723
70,14,48,68,4884
43,14,14,11,4067
8,14,47,71,2111
92,14,47,55,3423
35,14,14,10,1637
84,14,40,49,4315
98,14,19,78,2438
2,14,28,60,3131
64,14,47,17,4024
34,14,1,88,2551
7,14,26,20,3033
64,14,5,77,2959
52,14,6,74,1514
36,14,4,92,4030
95,14,11,54,1965
13,14,20,13,3966
34,14,25,92,3396
82,14,26,78,2400
5,14,3,98,4881
38,14,36,85,2327
52,14,39,2,3996
30,14,42,80,4195
24,14,42,17,1531
35,14,20,56,1688
68,14,12,83,4199
79,14,48,86,2924
57,14,35,69,2976
18,14,32,61,3161
92,14,11,29,2031
65,14,35,40,4871
44,14,14,47,2575
58,14,13,33,3725
98,14,49,76,3346
40,14,41,27,1951
10,14,7,67,1747
18,14,35,64,3833
16,14,2,1,4050
89,14,11,75,4681
11,14,45,90,3294
11,14,27,89,4788
18,14,42,83,2290
65,14,46,93,1523
86,14,1,3,2634
84,14,41,20,4458
36,14,44,97,3159
57,14,28,48,4034
86,14,5,58,3832
23,14,24,64,2639
70,14,45,23,1663
27,14,4,1,4944
20,14,31,96,1582
35,14,49,23,4844
90,14,37,16,2047
20,14,8,87,2916
42,14,43,3,3567
86,14,16,23,4008
55,14,40,58,4503
9,14,1,7,4868
60,14,11,77,1597
8,14,1,30,4032
22,14,7,89,4817
11,14,35,45,3910
16,14,43,95,3408
49,14,37,14,1768
39,14,1,63,2704
77,14,45,72,4979
85,14,24,80,4732
56,14,7,7,3966
91,14,30,52,3304
10,14,15,48,3910
32,14,37,75,2400
76,14,5,55,3326
71,14,19,58,2703
91,14,30,81,3216
92,14,32,41,4732
39,14,43,71,3197
36,14,48,82,3851
95,14,25,29,4421
17,14,34,55,3307
40,14,9,67,2076
45,14,26,32,3788
60,14,2,37,1836
34,14,31,66,2439
82,14,36,69,2387
20,14,2,73,4851
24,14,27,14,4685
37,14,41,89,4217
32,14,14,18,1629
57,14,42,51,4302
4,14,39,33,2007
46,14,23,17,3950
31,14,22,27,2282
45,14,37,25,4264
83,14,1,97,2257
62,14,34,64,3088
21,14,14,49,3909
43,14,20,14,3371
80,14,33,27,4496
59,14,49,59,4383
90,14,6,8,3681
17,14,8,48,1685
29,14,42,68,2040
39,14,38,44,4538
87,14,18,2,2586
3,14,4,12,1675
91,14,41,91,3881
17,14,19,39,2970
43,14,23,52,2294
79,14,34,33,2416
83,14,21,26,4125
96,14,7,86,1528
6,14,19,46,3192
36,14,28,95,2145
75,14,25,15,3102
15,14,10,5,1606
96,14,30,74,3782
79,14,8,16,3859
56,14,39,15,4722
52,14,32,20,3517
62,14,46,96,4619
62,14,46,59,1861
40,14,35,62,2530
53,14,35,84,2824
81,14,33,55,4631
4,14,10,45,4942
35,14,37,82,3266
73,14,39,36,4968
30,14,1,65,3619
89,14,15,97,2276
5,14,27,45,2627
68,14,47,81,3050
8,14,38,39,4375
4,14,27,39,3154
36,14,7,13,2727
4,14,38,56,2538
39,14,24,76,4241
50,14,27,87,2787
57,14,28,40,4116
61,14,44,51,2377
58,14,13,43,3596
28,14,18,79,4128
13,14,26,5,4981
89,14,1,49,2095
98,14,36,62,4574
24,14,46,13,3049
37,14,32,54,4490
71,14,5,75,3971
81,14,17,27,2458
80,14,48,80,3111
77,14,8,4,3989
32,14,14,32,3121
85,14,17,86,3994
20,14,23,27,1773
97,14,11,41,4525
43,14,20,38,1574
85,14,15,76,4946
14,14,7,43,3516
76,14,37,91,4923
67,14,9,71,4913
88,14,40,97,1523
88,14,9,13,1675
23,14,42,10,4377
83,14,10,76,3480
76,14,7,8,3327
13,14,4,60,2136
15,14,47,92,3711
58,14,24,68,2887
64,14,18,79,2248
68,14,30,7,3068
84,14,31,76,4688
21,14,8,63,2202
78,14,14,90,2243
16,14,41,52,4466
38,14,44,73,2404
28,14,44,97,3641
72,14,24,67,4157
8,14,5,71,4494
78,14,21,45,4509
5,14,49,37,2950
21,14,28,57,2724
2,14,31,40,4961
99,14,27,13,3585
86,14,49,22,4338
73,14,37,50,1606
15,14,1,54,1665
71,14,23,42,2736
98,14,4,89,4391
4,14,35,28,3748
19,14,12,90,4439
84,14,46,94,4964
24,14,22,26,1808
6,14,5,58,4002
13,14,33,55,4836
40,14,33,14,3611
74,14,16,71,4554
52,14,9,74,2915
47,14,39,84,4689
63,14,49,39,2147
69,14,35,12,3192
88,14,32,28,2672
17,14,32,87,4644
98,14,27,67,3226
99,14,24,90,4116
33,14,40,30,3105
14,14,5,90,1750
96,14,43,68,4951
52,14,3,72,3771
16,14,30,80,1768
46,14,45,24,2783
34,14,26,34,4840
71,14,44,4,4667
94,14,42,69,4926
10,14,41,57,3683
16,14,6,93,3523
95,14,24,29,3538
26,14,39,62,2412
57,14,38,41,4294
98,14,19,58,3197
49,14,18,17,3947
45,14,10,52,4082
64,14,5,49,1529
41,14,40,47,3370
34,14,26,90,1932
69,14,8,25,1681
49,14,35,10,2092
28,14,44,60,4902
82,14,23,61,4901
98,14,48,1,3211
94,14,38,87,1547
31,14,25,3,4315
54,14,32,85,2034
11,14,2,59,2393
66,14,21,98,2766
90,14,36,12,2295
38,14,31,8,3796
27,14,38,31,3091
17,14,15,65,3658
55,14,40,67,2241
73,14,21,58,3878
39,14,2,93,2545
23,14,49,94,3516
83,14,31,39,4629
74,14,47,25,4002
17,14,9,94,1980
99,14,22,71,4449
52,14,46,33,2374
19,14,20,44,2440
66,14,42,25,4110
13,14,25,46,2507
21,14,48,27,3737
18,14,14,3,4914
23,14,21,68,4768
97,14,9,15,2417
94,14,14,10,2227
76,14,43,63,3215
41,14,26,58,4788
75,14,44,73,3279
93,14,26,93,4257
29,14,3,5,3883
45,14,11,9,2451
77,14,39,49,1537
90,14,6,91,4709
6,14,34,84,2686
8,14,38,49,3683
35,14,45,34,2715
95,14,42,73,4337
83,14,16,98,4382
93,14,9,78,2338
54,14,45,39,3106
86,14,48,29,3765
61,14,40,62,4335
85,14,15,93,3739
37,14,4,13,1964
31,14,37,94,2647
85,14,25,95,3516
2,14,20,74,4774
67,14,10,9,4690
48,14,48,1,4793
50,14,14,52,1770
59,14,34,98,1656
43,14,21,71,3584
62,14,38,75,3366
94,14,43,2,2857
15,14,1,49,1527
88,14,17,81,4872
40,14,36,5,2973
19,14,39,38,4865
83,14,33,36,2387
66,14,5,95,4541
65,14,18,56,2219
45,14,3,43,3461
64,14,48,84,1872
38,14,12,74,2873
25,14,2,29,4495
59,14,10,45,3710
67,14,16,56,1656
49,14,22,12,2572
81,14,27,39,3989
71,14,43,34,2807
83,14,3,64,2273
29,14,12,35,4013
62,14,34,56,1562
64,14,19,20,4059
72,14,17,17,3378
20,14,43,66,2815
6,14,7,18,3827
82,14,10,91,1754
52,14,11,65,1951
1,14,32,16,4319
60,14,22,15,1916
82,14,20,85,2798
51,14,16,60,3156
81,14,30,82,1950
41,14,34,98,2026
37,14,47,26,2503
68,14,29,40,2977
89,14,13,32,1995
33,14,16,86,4514
45,14,49,21,3868
6,14,1,24,2985
19,14,16,50,1514
4,14,37,60,3843
22,14,13,47,3930
69,14,29,87,4436
40,14,14,42,3820
48,14,14,30,2847
65,14,37,21,4432
39,14,28,96,4098
23,14,11,2,4878
70,14,12,8,2286
36,14,5,70,1504
69,14,18,20,4551
80,14,4,48,2435
80,14,42,82,3775
40,14,20,22,4453
47,14,27,31,2820
73,14,48,85,2293
86,14,3,96,2184
18,14,29,21,3415
77,14,12,67,4565
1,14,29,19,2840
93,14,9,41,1632
6,14,11,16,2742
43,14,10,87,4626
29,14,25,40,1764
94,14,1,51,4731
91,14,11,60,1888
17,14,39,92,2011
1,14,15,54,2300
23,14,27,46,2213
8,14,25,77,2874
40,14,1,63,2519
8,14,39,25,3384
45,14,36,1,2049
97,14,45,85,4036
48,14,48,98,3921
6,14,6,71,3739
42,14,20,14,3157
6,14,24,77,4288
22,14,42,37,3169
73,14,44,70,4652
84,14,18,98,4220
47,14,31,81,3489
81,14,17,58,3865
72,14,31,71,3577
9,14,24,87,2582
29,14,6,71,3724
77,14,6,31,3171
40,14,4,47,2656
55,14,5,11,3098
13,14,42,13,2410
31,14,15,83,4111
23,14,20,8,4326
50,14,20,11,3733
26,14,37,63,1559
81,14,26,68,4139
75,14,38,63,1886
46,14,31,74,2069
42,14,26,3,1871
27,14,41,25,4045
74,14,31,82,1657
17,14,2,38,1760
3,14,33,93,4943
43,14,35,86,2215
64,14,18,44,2322
60,14,15,75,3842
55,14,32,25,1956
10,14,3,86,2890
66,14,41,26,1507
26,14,19,35,2621
25,14,40,22,3045
63,14,32,19,3980
51,14,28,63,2803
14,14,35,85,3195
71,14,11,6,4814
66,14,1,52,2634
4,14,40,45,4682
62,14,40,36,2494
34,14,4,64,2570
62,14,29,68,2583
88,14,28,10,3063
71,14,31,68,4478
73,14,43,24,4279
74,14,5,95,4930
47,14,49,47,2276
13,14,38,65,3935
13,14,23,30,2603
72,14,45,32,2833
48,14,11,20,2712
77,14,31,43,4084
84,14,22,27,2533
70,14,2,16,3640
41,14,24,61,1617
60,14,28,28,2411
72,14,29,75,2179
16,14,18,54,2818
75,14,4,12,3289
44,14,5,46,4922
57,14,28,42,4171
68,14,26,1,3533
50,14,4,30,1802
47,14,30,38,3699
83,14,13,46,1900
91,14,11,2,1546
2,14,45,98,2897
11,14,5,59,4838
61,14,24,26,1905
71,14,2,33,2064
47,14,32,41,3285
96,14,15,39,4041
44,14,29,91,3749
67,14,33,6,4924
33,14,7,65,1822
70,14,23,78,3304
31,14,15,67,3998
69,14,3,75,4992
73,14,32,10,3844
49,14,29,23,2277
65,14,16,66,3655
32,14,16,13,3307
81,14,12,37,3395
41,14,3,35,1539
27,14,8,73,3941
21,14,41,5,4008
58,14,41,37,4114
51,14,22,67,2107
33,14,32,57,3727
55,14,21,26,3204
16,14,4,79,2221
33,14,8,15,3651
98,14,30,80,3696
38,14,39,88,2888
82,14,19,19,4778
97,14,18,41,1953
45,14,36,2,1950
75,14,35,38,4116
50,14,31,94,1815
13,14,14,13,2702
58,14,42,68,3259
49,14,34,14,4587
14,14,47,62,2858
33,14,12,42,2323
64,14,18,70,2017
91,14,19,95,4825
73,14,42,21,3013
93,14,43,35,3036
13,14,15,77,3150
93,14,19,10,2048
37,14,20,35,2443
36,14,14,79,1894
15,14,46,51,2840
49,14,6,29,1883
16,14,13,39,3426
94,14,44,34,1542
10,14,20,61,4298
71,14,47,40,2379
84,14,5,76,3533
69,14,3,2,3463
24,14,21,53,1659
31,14,38,42,3365
2,14,31,40,3585
36,14,1,27,1911
87,14,12,9,4694
66,14,12,42,2930
21,14,21,10,3603
56,14,21,45,2752
85,14,38,99,3541
97,14,15,63,4870
7,14,5,24,2278
83,14,3,50,3829
38,14,38,29,3537
96,14,8,39,3172
35,14,17,69,1816
5,14,13,43,3938
86,14,27,99,2947
47,14,13,75,1600
58,14,18,12,2976
38,14,38,43,4408
33,14,3,87,3478
76,14,23,59,4166
55,14,26,18,3727
19,14,9,22,1662
36,14,13,9,1907
79,14,23,90,2747
21,14,29,10,1605
50,14,19,48,4556
55,14,43,30,2457
86,14,35,34,4257
80,14,19,1,4164
47,14,30,88,3138
85,14,34,18,4223
78,14,1,48,4764
65,14,29,48,3817
5,14,5,99,3327
46,14,11,26,2468
84,14,32,62,4043
10,14,37,97,3879
53,14,45,61,3863
21,14,17,34,2990
66,14,41,25,3503
10,14,15,78,1751
82,14,36,22,2698
65,14,4,30,4009
12,14,6,62,3013
82,14,19,40,4403
33,14,20,23,2790
77,14,46,40,4118
77,14,1,3,3546
79,14,17,23,2190
29,14,11,49,4086
8,14,49,40,4809
69,14,22,39,2633
95,14,14,11,3443
87,14,22,77,3727
3,14,13,39,3390
65,14,1,40,4964
38,14,21,81,2879
65,14,27,61,3282
41,14,37,1,4817
67,14,41,51,3540
37,14,30,60,3523
42,14,11,51,3075
61,14,42,40,3471
31,14,20,27,4572
60,14,47,62,3625
17,14,12,81,1867
46,14,43,76,2819
83,14,49,53,2862
61,14,30,80,1934
64,14,20,74,3408
68,14,35,29,4181
43,14,24,21,4173
74,14,1,82,3213
63,14,35,86,1546
81,14,35,89,2395
76,14,26,40,2087
2,14,5,40,4455
20,14,11,17,2264
89,14,22,15,1683
90,14,16,4,1611
86,14,15,52,4014
27,14,3,17,4711
3,14,43,17,3852
31,14,6,23,1736
68,14,49,65,4664
82,14,21,79,4397
49,14,48,82,1640
76,14,38,5,4368
55,14,10,45,1552
43,14,45,1,3415
3,14,26,67,1594
52,14,10,23,2021
18,14,13,16,4550
58,14,11,55,1615
26,14,26,64,3263
62,14,29,68,4776
89,14,37,14,3673
92,14,27,23,2820
62,14,15,96,3786
20,14,20,41,4991
66,14,8,3,2488
25,14,16,17,1701
31,14,26,12,3038
98,14,41,78,3831
85,14,10,6,2319
90,14,21,92,3559
18,14,36,32,4565
63,14,28,57,4096
72,14,30,33,1537
76,14,11,98,3284
4,14,39,45,4806
19,14,44,53,3442
26,14,27,89,3809
48,14,46,14,4808
93,14,17,2,4379
44,14,48,74,3918
48,14,11,87,4394
19,14,1,67,3419
70,14,40,6,2741
79,14,7,80,3328
7,14,5,90,3882
69,14,29,43,3276
49,14,2,10,3459
37,14,10,78,1762
44,14,7,61,4186
72,14,37,11,2995
32,14,15,26,2649
64,14,44,55,4662
61,14,4,3,4642
34,14,24,86,2649
47,14,7,85,2759
39,14,15,15,3597
17,14,39,27,2195
72,14,25,84,3957
1,14,17,14,4373
94,14,1,43,2424
5,14,35,22,3418
82,14,25,94,3446
28,14,18,4,2125
75,14,5,81,4276
2,14,7,3,3952
65,14,30,92,3738
92,14,26,3,1981
14,14,39,74,1805
8,14,19,24,3432
17,14,23,30,3581
63,14,35,59,3771
58,14,28,2,2811
15,14,17,24,2045
48,14,24,98,3626
41,14,5,10,3288
32,14,23,44,3887
88,14,44,68,2538
65,14,27,27,2321
20,14,41,34,2064
18,14,49,14,1847
84,14,23,62,3819
4,14,24,94,3209
92,14,47,25,4617
45,14,38,82,4677
62,14,29,14,4660
82,14,12,74,4711
41,14,18,1,4466
32,14,2,97,4376
72,14,40,37,2064
15,14,7,63,2881
95,14,9,93,4605
86,14,20,5,3469
2,14,9,80,4960
85,14,5,82,3382
50,14,29,34,3371
99,14,2,32,4087
31,14,12,12,4628
77,14,4,16,2286
8,14,10,86,1724
50,14,1,67,3382
97,14,31,72,2110
43,14,39,17,3070
18,14,46,43,4944
48,14,7,40,1639
24,14,17,71,1794
32,14,24,1,4456
61,14,39,71,1551
96,14,25,86,1777
10,14,44,74,4444
74,14,4,9,3524
51,14,34,36,4934
67,14,12,72,3001
89,14,9,20,3108
88,14,39,4,4752
78,14,34,15,4724
56,14,25,94,4157
63,14,47,62,4612
16,14,14,80,4365
2,14,24,77,1836
9,14,24,38,2400
35,14,16,50,3250
17,14,43,86,4123
17,14,23,82,3363
58,14,11,42,1512
18,14,13,4,3271
65,14,31,46,1825
96,14,34,9,2122
91,14,12,80,2271
79,14,8,74,3381
26,14,7,39,3039
96,14,42,32,4135
63,14,17,60,2445
30,14,17,41,2182
22,14,7,57,4193
28,14,43,33,4649
11,14,24,54,4499
1,14,35,9,1813
45,14,10,36,3356
28,14,29,98,2506
88,14,23,66,2311
65,14,18,68,3491
65,14,33,32,2630
78,14,21,90,4732
29,14,49,59,2592
36,14,27,64,1682
98,14,44,30,4236
47,14,40,19,1599
36,14,4,51,3443
48,14,42,63,3822
53,14,8,73,2943
57,14,40,75,3237
4,14,5,27,1831
56,14,18,73,3718
24,14,6,21,3618
30,14,12,63,1950
72,14,29,93,1948
50,14,47,20,4205
27,14,30,56,4218
59,14,16,69,3423
86,14,27,76,4292
2,14,31,63,2048
73,14,25,77,3609
40,14,37,40,4842
16,14,17,91,4397
51,14,41,1,1720
58,14,47,53,3659
98,14,36,86,3648
75,14,49,74,1519
56,14,43,61,1874
10,14,47,98,1551
29,14,10,18,2750
42,14,47,99,2145
31,14,1,6,3127
65,14,45,25,2792
62,14,2,64,1908
36,14,45,80,4507
4,14,48,69,1716
73,14,29,61,1884
93,14,26,77,4823
91,14,24,16,3360
67,14,1,22,3610
98,14,33,95,1602
84,14,8,49,4589
4,14,3,44,1519
70,14,16,69,2791
97,14,36,69,4295
74,14,23,62,2698
55,14,39,53,3231
58,14,18,5,4171
62,14,41,80,3050
49,14,30,44,4634
29,14,1,94,4646
76,14,38,40,4000
77,14,35,98,1544
16,14,15,28,3316
82,14,36,7,4698
83,14,41,97,2029
21,14,48,47,2259
58,14,45,26,3766
45,14,4,46,3886
38,14,29,80,4829
45,14,42,34,3696
61,14,39,90,4279
3,14,29,66,3421
83,14,39,4,4822
21,14,44,26,2075
30,14,44,57,3717
60,14,30,1,1900
74,14,5,92,4374
81,14,47,10,4892
28,14,4,9,1680
90,14,5,72,2075
14,14,29,58,4731
4,14,8,96,3055
19,14,37,41,4350
94,14,42,23,2466
49,14,27,56,3063
82,14,42,3,2161
93,14,38,78,2187
3,14,42,95,4445
99,14,26,62,3535
14,14,37,13,4308
57,14,29,96,1877
35,14,24,11,1550
22,14,15,99,4029
62,14,5,67,1627
91,14,18,16,1562
57,14,47,87,3661
18,14,2,83,2010
16,14,37,58,3522
77,14,47,47,2312
63,14,33,12,2754
88,14,37,55,4964
47,14,42,83,4391
81,14,45,41,4654
45,14,22,44,4283
53,14,47,27,4409
73,14,30,27,2841
55,14,20,66,3111
82,14,19,32,2816
60,14,5,42,3641
3,14,20,57,3678
76,14,48,6,1787
90,14,19,65,3337
28,14,38,44,2173
54,14,4,82,3663
76,14,13,6,1882
46,14,46,43,2173
86,14,10,29,2695
3,14,2,24,4763
99,14,17,30,2839
7,14,8,16,3263
92,14,35,23,3397
75,14,6,38,2293
38,14,47,2,4376
74,14,20,3,2003
30,14,1,60,3609
18,14,1,7,3059
33,14,31,24,3684
98,14,1,6,4620
26,14,42,70,3914
88,14,19,52,2764
12,14,38,48,4884
1,14,12,21,2523
49,14,20,48,1730
92,14,47,51,3589
74,14,20,21,2030
19,14,48,65,4263
89,14,15,2,3292
70,14,40,50,4505
53,14,38,72,4010
88,14,3,45,4191
49,14,16,66,2013
43,14,2,38,4988
6,14,39,52,2096
88,14,42,64,4580
25,14,30,78,1851
85,14,43,2,3919
19,14,11,51,3687
12,14,34,53,3853
97,14,27,5,2579
72,14,31,41,1525
47,14,49,27,4397
14,14,27,5,1769
94,14,37,67,3241
8,14,47,14,4316
23,14,47,50,4158
79,14,40,70,3223
30,14,24,56,2530
23,14,10,84,1512
48,14,19,9,2327
82,14,23,1,2480
5,14,17,16,2456
47,14,20,31,4994
69,14,10,90,4040
73,14,35,55,2496
73,14,2,50,3847
71,14,35,2,1861
46,14,36,99,4571
13,14,13,4,3547
62,14,43,52,3043
99,14,2,43,4166
7,14,3,58,1944
91,14,11,8,1729
84,14,3,71,2577
64,14,8,33,2901
79,14,39,65,1775
89,14,12,52,3408
49,14,11,75,3155
19,14,1,41,2297
24,14,35,13,2518
52,14,37,8,2030
60,14,8,98,3885
42,14,18,80,4955
47,14,36,70,3267
5,14,30,45,2664
17,14,35,79,2966
86,14,30,84,3769
58,14,29,75,2637
80,14,33,87,2958
76,14,49,71,1912
90,14,23,28,2557
48,14,24,15,4495
95,14,42,78,4635
41,14,21,24,2814
18,14,4,52,1703
99,14,35,82,4352
77,14,46,85,3908
72,14,2,71,2785
35,14,2,81,3548
45,14,25,68,2231
52,14,11,80,3121
83,14,27,65,4361
41,14,41,2,1618
13,14,29,42,4075
76,14,30,44,4145
61,14,30,58,1958
51,14,6,99,3183
32,14,10,60,3958
13,14,49,41,4957
52,14,3,89,3393
28,14,20,60,3975
93,14,6,47,2871
94,14,18,40,4005
61,14,34,16,2971
61,14,11,17,1731
1,14,12,76,3239
1,14,4,32,2843
58,14,44,18,2284
68,14,11,12,3065
60,14,2,2,3071
59,14,19,76,3676
63,14,36,94,4589
45,14,35,62,4468
41,14,28,53,2235
45,14,10,44,3770
1,14,24,80,4498
17,14,41,66,4534
17,14,23,82,2828
62,14,14,56,3836
82,14,25,46,3120
79,14,2,58,3283
11,14,14,78,2414
12,14,19,99,2278
51,14,13,73,3415
51,14,14,22,1728
55,14,17,49,4588
71,14,36,24,2798
53,14,34,92,1640
90,14,16,24,3037
68,14,21,47,4376
14,14,45,15,2126
95,14,26,53,3090
22,14,44,45,2439
86,14,18,51,1843
6,14,8,54,3197
83,14,35,76,4686
72,14,30,30,2665
51,14,47,25,2591
92,14,35,18,1847
60,14,44,21,4496
87,14,15,39,2466
7,14,19,22,3891
39,14,29,7,3624
58,14,16,90,2373
15,14,46,75,2906
38,14,25,10,3712
96,14,41,50,4025
47,14,48,9,3597
53,14,45,87,2811
36,14,23,39,1717
12,14,21,83,3974
59,14,15,68,4761
48,14,21,93,4889
40,14,30,5,3510
62,14,35,7,4013
24,14,9,73,3055
72,14,43,67,3696
7,14,46,93,2964
44,14,42,72,1683
65,14,46,93,2670
85,14,28,91,3216
96,14,36,44,1859
31,14,8,90,2185
76,14,45,49,1678
66,14,8,83,3959
70,14,11,11,2374
92,14,9,41,2366
14,14,44,64,1527
27,14,31,86,2535
73,14,5,31,3054
1,14,10,85,4192
98,14,7,27,3650
75,14,36,76,3769
44,14,26,3,3411
90,14,12,18,2765
67,14,19,10,2687
59,14,43,5,3466
3,14,6,72,2143
30,14,24,75,2548
78,14,24,51,2899
54,14,22,81,2461
45,14,9,42,4677
67,14,27,93,2792
1,14,10,51,3556
60,14,46,39,2651
85,14,13,30,4306
41,14,37,71,3787
19,14,19,59,3904
61,14,19,68,1687
50,14,29,97,2118
26,14,7,9,2811
2,14,39,49,4726
86,14,30,93,3518
71,14,2,23,2717
62,14,20,11,1763
86,14,21,5,4550
13,14,39,74,3940
98,14,48,68,2858
35,14,2,24,2702
69,14,16,94,2689
26,14,39,51,3795
77,14,4,47,2164
48,14,26,43,1568
85,14,23,25,4060
5,14,41,7,4383
28,14,15,7,1905
64,14,38,74,2595
23,14,32,15,3578
15,14,25,48,3612
5,14,11,86,1615
37,14,32,28,3411
95,14,47,71,1885
17,14,28,83,2798
93,14,8,11,3333
60,14,29,73,2568
83,14,27,12,3274
64,14,3,52,1965
73,14,37,54,3766
37,14,48,95,3667
30,14,25,86,3321
49,14,12,46,3839
25,14,23,28,3925
53,14,3,7,2955
74,14,26,59,2571
57,14,46,48,2648
77,14,2,73,4988
65,14,13,55,4702
85,14,29,7,2995
70,14,31,52,2647
21,14,14,20,1630
36,14,22,23,4294
55,14,11,14,4478
87,14,42,12,2664
43,14,15,81,3979
72,14,19,47,4923
10,14,6,35,2215
60,14,38,25,2769
79,14,5,47,4569
51,14,41,31,3321
95,14,3,32,4603
65,14,4,10,3477
17,14,35,36,1778
22,14,2,72,4411
95,14,7,93,1603
80,14,46,41,2189
13,14,9,96,3197
81,14,45,53,3291
39,14,45,81,3958
22,14,2,43,2361
50,14,12,36,1694
16,14,23,50,2841
78,14,43,60,2242
22,14,4,60,3142
8,14,12,63,2109
42,14,1,80,1777
22,14,31,95,4373
56,14,41,55,2462
30,14,27,97,4573
79,14,2,85,2294
7,14,40,51,4004
89,14,14,42,4305
12,14,15,33,2330
97,14,43,52,3976
49,14,39,20,3607
37,14,44,44,4083
76,14,43,54,2684
53,14,46,47,3908
92,14,42,2,4551
31,14,12,99,4763
74,14,17,61,4348
64,14,44,41,1932
30,14,14,31,4592
46,14,12,53,3546
27,14,9,45,4407
47,14,25,81,2238
79,14,19,51,3411
34,14,20,79,4588
56,14,18,23,4971
70,14,7,10,4443
40,14,9,38,1656
4,14,9,45,2401
55,14,22,45,3770
61,14,40,31,3010
83,14,40,47,2392
29,14,19,81,1699
1,14,44,77,4012
81,14,18,1,3824
63,14,17,2,1905
46,14,35,70,2587
97,14,2,27,2235
78,14,33,7,3390
84,14,18,7,4957
74,14,6,42,3079
21,14,3,96,2639
26,14,30,39,4543
4,14,19,12,4359
27,14,36,87,2552
95,14,45,61,2054
68,14,47,55,4213
74,14,22,21,4103
33,14,19,52,2768
51,14,30,17,4145
52,14,20,73,1630
11,14,16,27,3780
58,14,28,99,3207
75,14,26,12,3348
88,14,4,16,2023
1,14,27,72,1599
36,14,1,92,2457
67,14,40,34,4221
30,14,13,1,4153
29,14,38,68,3025
25,14,12,7,1951
13,14,45,56,2955
43,14,10,42,4149
58,14,10,12,4374
12,14,32,87,4358
63,14,41,60,4243
59,14,22,25,3908
69,14,23,98,4618
32,14,32,5,2905
59,14,28,61,4478
39,14,42,56,2382
7,14,15,14,4178
26,14,8,21,4923
58,14,3,87,4896
53,14,47,58,3844
81,14,44,57,2135
73,14,26,55,2341
38,14,44,80,4310
77,14,43,45,2760
23,14,13,93,3536
50,14,43,72,4826
52,14,32,33,4901
27,14,1,68,4646
49,14,29,11,3323
24,14,4,34,3682
21,14,48,58,3328
28,14,15,21,3261
28,14,15,86,4883
67,14,10,60,2547
72,14,10,86,2428
65,14,48,18,2733
51,14,8,47,2311
96,14,12,16,1830
52,14,33,57,3781
8,14,38,8,4650
34,14,8,84,3137
65,14,30,88,2717
59,14,5,53,4692
2,14,6,66,4849
68,14,27,34,4592
20,14,8,53,3429
74,14,43,44,4301
48,14,29,25,4064
93,14,1,95,1868
1,14,29,53,4804
94,14,11,65,3081
99,14,31,12,2251
8,14,17,95,2866
27,14,33,67,3573
87,14,14,94,3333
20,14,24,74,2291
68,14,14,97,4042
10,14,15,52,1563
79,14,1,39,1555
24,14,7,6,2423
92,14,3,1,2178
56,14,16,48,4832
29,14,14,17,4651
59,14,38,62,4101
36,14,30,53,2775
8,14,12,87,3568
96,14,46,54,4912
51,14,15,67,3577
32,14,33,55,4705
6,14,21,38,4333
56,14,45,84,2007
98,14,17,3,2339
5,14,12,39,1814
20,14,36,71,2007
26,14,3,12,3925
51,14,17,74,4604
64,14,4,41,1858
3,14,16,44,1536
93,14,31,44,4829
19,14,40,87,3863
4,14,34,13,1914
2,14,11,70,3306
94,14,47,98,2180
42,14,33,13,4001
54,14,41,54,4810
61,14,42,6,3188
43,14,24,35,3268
55,14,29,25,2311
62,14,8,87,2121
68,14,47,45,4006
81,14,26,43,4369
89,14,40,9,1682
68,14,32,21,1874
54,14,24,1,2832
85,14,12,27,2761
30,14,48,71,3027
20,14,19,19,2835
38,14,47,77,2722
7,14,15,56,2135
20,14,22,75,4447
66,14,25,7,1573
19,14,26,91,4126
30,14,3,84,3654
2,14,11,12,3362
1,14,32,17,1931
45,14,48,79,3352
78,14,6,99,4956
60,14,8,51,1768
93,14,9,36,2595
69,14,2,16,4091
75,14,5,81,1811
47,14,16,77,3951
55,14,13,21,4073
92,14,20,40,3105
72,14,28,4,3423
21,14,10,10,1919
44,14,35,98,2216
91,14,24,96,3775
90,14,1,57,2991
10,14,3,81,4924
63,14,39,20,4728
42,14,28,53,1781
69,14,22,39,1641
84,14,29,67,2357
38,14,5,6,1637
30,14,38,10,2730
38,14,16,73,2683
99,14,20,26,4895
39,14,30,2,2282
61,14,37,14,3121
80,14,48,25,4372
74,14,41,21,3624
40,14,46,10,2559
9,14,15,38,4525
97,14,2,98,2917
8,14,19,16,3952
85,14,40,56,1507
82,14,45,99,4398
29,14,39,99,2887
8,14,37,84,1941
95,14,16,26,4207
42,14,28,17,1932
45,14,48,66,2002
79,14,4,70,2228
87,14,25,74,4029
31,14,5,70,2819
64,14,40,18,4395
65,14,42,23,1504
85,14,43,3,3870
16,14,13,19,2285
18,14,42,44,2461
64,14,1,23,4029
44,14,41,7,3305
40,14,28,34,2682
44,14,22,34,3785
24,14,46,84,4406
93,14,35,24,4910
55,14,12,59,3876
58,14,35,32,2841
31,14,37,54,3362
78,14,20,93,2496
59,14,35,83,4574
95,14,40,77,3767
35,14,28,87,3445
69,14,45,53,2068
14,14,7,5,3137
18,14,40,78,2946
11,14,40,97,4571
76,14,8,58,4507
6,14,47,95,4321
37,14,6,51,4929
54,14,1,15,3986
15,14,25,58,2272
34,14,20,29,4742
68,14,26,65,3918
18,14,25,98,3178
33,14,18,36,4827
39,14,8,37,2238
44,14,44,94,3528
48,14,4,21,3903
23,14,23,48,3509
78,14,4,35,4116
46,14,6,23,2937
54,14,25,42,3401
29,14,36,85,4680
45,14,21,41,3115
67,14,11,94,4283
28,14,39,56,1501
64,14,37,37,2234
33,14,29,45,3721
32,14,26,59,4247
94,14,33,57,2676
45,14,35,92,3388
65,14,6,19,2248
48,14,43,33,3754
95,14,47,47,4202
76,14,38,17,2619
11,14,9,31,2889
37,14,7,16,2511
22,14,9,75,3921
92,14,9,73,3190
2,14,39,48,2712
83,14,5,20,2297
6,14,5,15,4649
25,14,29,78,1860
36,14,13,26,3290
54,14,40,95,3959
41,14,17,98,1609
24,14,29,30,4678
85,14,49,43,4920
43,14,25,26,1958
61,14,49,8,3751
27,14,37,43,3615
67,14,7,50,3070
86,14,2,18,4580
3,14,1,98,4144
51,14,43,24,3344
97,14,16,77,4917
40,14,4,27,4523
12,14,13,64,3587
55,14,37,76,4012
94,14,18,34,2502
71,14,12,88,3067
13,14,21,66,1853
79,14,41,63,2142
63,14,11,58,3710
96,14,28,42,3857
21,14,20,65,2429
77,14,12,1,4074
24,14,27,31,2921
53,14,34,9,4531
15,14,32,63,4337
27,14,37,15,3317
74,14,15,33,2830
67,14,28,81,2478
12,14,17,10,4059
79,14,37,26,1741
27,14,21,40,2543
79,14,20,42,3417
54,14,23,65,2255
19,14,30,3,3146
5,14,19,88,4168
11,14,9,82,2767
18,14,15,39,1892
90,14,14,71,1583
24,14,16,89,4194
24,14,49,20,4920
76,14,36,84,3516
38,14,49,40,3603
25,14,3,88,1554
15,14,44,82,4503
92,14,35,7,4320
13,14,15,44,4145
25,14,22,53,1794
57,14,22,65,1565
20,14,2,17,4218
95,14,27,10,3342
19,14,3,45,4842
27,14,11,41,2868
58,14,24,29,4051
4,14,39,90,4245
51,14,38,96,4363
14,14,12,45,4486
95,14,7,56,4053
45,14,30,96,4747
79,14,25,16,1738
33,14,13,37,2874
90,14,23,5,1602
86,14,22,49,3948
10,14,14,71,3165
42,14,8,98,2353
64,14,5,50,1765
56,14,29,22,4705
30,14,25,83,4887
93,14,1,89,4094
83,14,26,74,4968
68,14,14,65,4763
90,14,38,12,1989
25,14,1,91,1710
65,14,29,21,1635
21,14,41,57,4106
77,14,8,67,3687
37,14,17,74,4909
23,14,5,42,1879
8,14,48,42,4040
8,14,34,3,3938
99,14,40,98,2412
45,14,31,54,3333
50,14,14,91,1960
26,14,41,37,1623
46,14,45,41,2896
74,14,15,6,3422
47,14,2,37,3875
19,14,29,10,2980
37,14,11,14,4203
89,14,30,33,4339
3,14,13,93,3894
84,14,40,73,2308
13,14,6,56,3823
68,14,1,57,3173
10,14,22,43,3236
69,14,6,6,4877
39,14,18,35,4851
79,14,19,73,3058
33,14,42,94,2172
59,14,17,73,4300
39,14,22,22,3625
23,14,26,35,4893
31,14,12,1,4377
73,14,40,38,4990
69,14,21,82,3640
90,14,47,81,2055
68,14,5,76,4246
7,14,18,87,2621
98,14,14,40,3079
48,14,22,66,3157
51,14,27,27,2501
3,14,42,95,1847
31,14,15,43,3885
27,14,47,58,4785
32,14,32,49,2233
83,14,12,52,2800
98,14,13,33,3792
29,14,5,23,1725
25,14,29,70,1989
59,14,45,91,3697
56,14,25,40,2014
66,14,34,98,3520
94,14,45,33,4072
45,14,31,45,1606
7,14,42,35,4991
57,14,47,53,4799
93,14,6,18,1897
60,14,10,73,3702
66,14,1,90,4145
29,14,44,62,2562
9,14,23,8,3013
44,14,15,91,1558
24,14,23,19,3952
81,14,9,2,4692
43,14,43,17,2812
33,14,49,8,1734
11,14,34,85,3442
29,14,13,37,2716
46,14,29,77,4435
51,14,9,72,4621
29,14,23,10,3826
93,14,30,14,4313
33,14,20,85,3988
35,14,41,20,4684
17,14,32,3,2927
54,14,10,96,3366
77,14,7,59,2404
98,14,12,35,4921
9,14,45,19,1951
54,14,6,70,1756
76,14,3,31,2627
19,14,4,72,4496
90,14,25,51,4791
79,14,30,33,2362
31,14,41,3,2208
16,14,4,6,4646
75,14,38,90,2644
45,14,30,27,1637
12,14,3,90,4468
14,14,6,18,4083
44,14,24,92,3624
20,14,36,20,2816
30,14,4,1,4029
2,14,45,39,4712
13,14,46,36,4814
86,14,16,35,3221
73,14,12,70,3287
7,14,29,62,4592
57,14,31,6,4357
75,14,4,27,1777
3,14,35,43,3760
62,14,40,70,3108
4,14,25,14,3151
68,14,22,76,3721
79,14,16,42,3253
28,14,47,28,4917
97,14,1,61,2592
19,14,6,3,3113
10,14,5,22,4847
10,14,3,47,3251
50,14,43,74,3985
78,14,34,36,3579
83,14,13,30,4949
82,14,18,83,2187
39,14,17,53,2356
33,14,16,83,3339
27,14,44,93,4428
80,14,1,58,4024
70,14,38,71,1788
23,14,42,93,4851
42,14,46,97,2793
77,14,11,1,3871
71,14,15,95,3708
7,14,30,12,4962
89,14,4,58,1914
54,14,3,91,3565
35,14,10,12,3208
74,14,6,14,1758
24,14,5,98,3898
42,14,2,53,3478
80,14,42,58,1983
20,14,15,57,4314
79,14,49,10,2007
49,14,17,71,4230
82,14,48,6,4324
4,14,48,58,1773
47,14,17,80,2349
43,14,41,47,2249
49,14,5,36,2857
10,14,15,78,3232
7,14,1,61,2557
37,14,14,82,3561
34,14,17,27,2772
60,14,30,59,4555
9,14,40,35,4714
31,14,35,77,2561
4,14,23,54,2266
80,14,44,68,3776
29,14,19,57,4027
12,14,15,63,2426
74,14,38,98,4693
26,14,24,14,3360
69,14,25,37,3984
72,14,26,29,4695
2,14,16,49,3605
90,14,20,81,2094
98,14,44,29,4686
90,14,12,24,2896
88,14,2,64,4878
44,14,20,6,4476
89,14,28,26,3031
70,14,49,72,4438
49,14,17,95,1999
54,14,40,18,1901
40,14,11,43,2561
42,14,5,42,4306
69,14,47,14,3336
9,14,47,47,1571
30,14,3,5,4023
57,14,9,24,3920
77,14,11,59,2815
24,14,40,19,2394
91,14,47,59,1526
61,14,22,13,3292
30,14,32,64,3387
58,14,34,8,3752
71,14,44,76,3634
16,14,33,75,3408
33,14,18,88,2471
34,14,6,13,3857
61,14,1,96,2303
51,14,20,80,4508
81,14,9,29,3781
9,14,47,77,3463
9,14,1,35,3235
79,14,38,2,2201
44,14,48,91,3938
45,14,38,91,1504
94,14,33,67,1996
59,14,7,68,4065
73,14,36,14,1679
34,14,21,59,2280
35,14,5,75,2157
93,14,15,9,2606
82,14,20,54,3761
3,14,2,32,2059
37,14,19,36,2188
93,14,15,80,3145
97,14,33,22,3234
56,14,34,14,3487
1,14,48,12,2470
57,14,1,80,4887
27,14,42,79,3744
99,14,44,70,3908
47,14,15,13,1988
25,14,32,48,1591
6,14,30,72,4397
15,14,32,91,3721
34,14,7,86,2107
69,14,36,32,2917
90,14,34,84,3349
16,14,18,5,1524
99,14,12,78,2277
16,14,3,45,2657
93,14,38,46,3402
38,14,11,18,2838
56,14,35,34,3026
49,14,32,88,1671
90,14,45,68,3245